"","X","samplenum","duration","meanprobdetection","AUC"
"auc_meandetectionprobSampled_1_Intervals.TempSunMoonPeentDetections.10min.int.csv",1,1,600,0.0869565217391304,0.904761904761905
"auc_meandetectionprobSampled_1_Intervals.TempSunMoonPeentDetections.11min.int.csv",1,4,660,0.130434782608696,0.758333333333333
"auc_meandetectionprobSampled_1_Intervals.TempSunMoonPeentDetections.12min.int.csv",1,1,720,0.130434782608696,0.925
"auc_meandetectionprobSampled_1_Intervals.TempSunMoonPeentDetections.13min.int.csv",1,4,780,0.130434782608696,0.95
"auc_meandetectionprobSampled_1_Intervals.TempSunMoonPeentDetections.14min.int.csv",1,1,840,0.173913043478261,0.782894736842105
"auc_meandetectionprobSampled_1_Intervals.TempSunMoonPeentDetections.15min.int.csv",1,1,900,0.0869565217391304,0.857142857142857
"auc_meandetectionprobSampled_1_Intervals.TempSunMoonPeentDetections.16min.int.csv",1,1,960,0.0869565217391304,0.821428571428571
"auc_meandetectionprobSampled_1_Intervals.TempSunMoonPeentDetections.17min.int.csv",1,1,1020,0.0869565217391304,1
"auc_meandetectionprobSampled_1_Intervals.TempSunMoonPeentDetections.18min.int.csv",1,1,1080,0.0434782608695652,0.840909090909091
"auc_meandetectionprobSampled_1_Intervals.TempSunMoonPeentDetections.1hour.int.csv",1,1,3600,0.217391304347826,0.583333333333333
"auc_meandetectionprobSampled_1_Intervals.TempSunMoonPeentDetections.1min.int.csv",1,1,60,0.0869565217391304,0.952380952380952
"auc_meandetectionprobSampled_1_Intervals.TempSunMoonPeentDetections.20min.int.csv",1,1,1200,0.0434782608695652,0.931818181818182
"auc_meandetectionprobSampled_1_Intervals.TempSunMoonPeentDetections.2min.int.csv",1,4,120,0.0869565217391304,1
"auc_meandetectionprobSampled_1_Intervals.TempSunMoonPeentDetections.3min.int.csv",1,1,180,0.0869565217391304,0.857142857142857
"auc_meandetectionprobSampled_1_Intervals.TempSunMoonPeentDetections.4min.int.csv",1,1,240,0.0869565217391304,1
"auc_meandetectionprobSampled_1_Intervals.TempSunMoonPeentDetections.5min.int.csv",1,1,300,0.0869565217391304,0.916666666666667
"auc_meandetectionprobSampled_1_Intervals.TempSunMoonPeentDetections.6min.int.csv",1,1,360,0.0869565217391304,0.821428571428571
"auc_meandetectionprobSampled_1_Intervals.TempSunMoonPeentDetections.7min.int.csv",1,1,420,0.260869565217391,0.441176470588235
"auc_meandetectionprobSampled_1_Intervals.TempSunMoonPeentDetections.8min.int.csv",1,4,480,0.0434782608695652,1
"auc_meandetectionprobSampled_1_Intervals.TempSunMoonPeentDetections.9min.int.csv",1,1,540,0.0434782608695652,0.909090909090909
"auc_meandetectionprobSampled_12_Intervals.TempSunMoonPeentDetections.10min.int.csv",1,12,600,0.0692640692640693,0.748546511627907
"auc_meandetectionprobSampled_12_Intervals.TempSunMoonPeentDetections.11min.int.csv",1,12,660,0.0735930735930736,0.571605277625069
"auc_meandetectionprobSampled_12_Intervals.TempSunMoonPeentDetections.12min.int.csv",1,12,720,0.0822510822510823,0.67117676266137
"auc_meandetectionprobSampled_12_Intervals.TempSunMoonPeentDetections.13min.int.csv",1,12,780,0.108225108225108,0.732330097087379
"auc_meandetectionprobSampled_12_Intervals.TempSunMoonPeentDetections.14min.int.csv",1,12,840,0.0562770562770563,0.81757233592096
"auc_meandetectionprobSampled_12_Intervals.TempSunMoonPeentDetections.15min.int.csv",1,12,900,0.0822510822510823,0.674155908639523
"auc_meandetectionprobSampled_12_Intervals.TempSunMoonPeentDetections.16min.int.csv",1,12,960,0.0735930735930736,0.867509620670698
"auc_meandetectionprobSampled_12_Intervals.TempSunMoonPeentDetections.17min.int.csv",1,12,1020,0.0909090909090909,0.75907029478458
"auc_meandetectionprobSampled_12_Intervals.TempSunMoonPeentDetections.18min.int.csv",1,12,1080,0.0995670995670996,0.682483277591973
"auc_meandetectionprobSampled_12_Intervals.TempSunMoonPeentDetections.19min.int.csv",1,12,1140,0.0822510822510823,0.712760675273088
"auc_meandetectionprobSampled_12_Intervals.TempSunMoonPeentDetections.1hour.int.csv",1,12,3600,0.186147186147186,0.696190004948046
"auc_meandetectionprobSampled_12_Intervals.TempSunMoonPeentDetections.1min.int.csv",1,12,60,0.025974025974026,0.675555555555556
"auc_meandetectionprobSampled_12_Intervals.TempSunMoonPeentDetections.20min.int.csv",1,12,1200,0.108225108225108,0.61621359223301
"auc_meandetectionprobSampled_12_Intervals.TempSunMoonPeentDetections.2min.int.csv",1,12,120,0.038961038961039,0.5
"auc_meandetectionprobSampled_12_Intervals.TempSunMoonPeentDetections.3min.int.csv",1,12,180,0.0476190476190476,0.647314049586777
"auc_meandetectionprobSampled_12_Intervals.TempSunMoonPeentDetections.4min.int.csv",1,12,240,0.038961038961039,0.5
"auc_meandetectionprobSampled_12_Intervals.TempSunMoonPeentDetections.5min.int.csv",1,12,300,0.0692640692640693,0.885755813953488
"auc_meandetectionprobSampled_12_Intervals.TempSunMoonPeentDetections.6min.int.csv",1,12,360,0.0606060606060606,0.681040157998683
"auc_meandetectionprobSampled_12_Intervals.TempSunMoonPeentDetections.7min.int.csv",1,12,420,0.0692640692640693,0.878633720930233
"auc_meandetectionprobSampled_12_Intervals.TempSunMoonPeentDetections.8min.int.csv",1,12,480,0.0562770562770563,0.771347918136909
"auc_meandetectionprobSampled_12_Intervals.TempSunMoonPeentDetections.9min.int.csv",1,12,540,0.0865800865800866,0.711137440758294
"auc_meandetectionprobSampled_16_Intervals.TempSunMoonPeentDetections.10min.int.csv",1,16,600,0.0681818181818182,0.6008793761407
"auc_meandetectionprobSampled_16_Intervals.TempSunMoonPeentDetections.11min.int.csv",1,16,660,0.0649350649350649,0.727951388888889
"auc_meandetectionprobSampled_16_Intervals.TempSunMoonPeentDetections.12min.int.csv",1,16,720,0.0909090909090909,0.604081632653061
"auc_meandetectionprobSampled_16_Intervals.TempSunMoonPeentDetections.13min.int.csv",1,16,780,0.0876623376623377,0.786608672729669
"auc_meandetectionprobSampled_16_Intervals.TempSunMoonPeentDetections.14min.int.csv",1,16,840,0.0941558441558442,0.67791373130639
"auc_meandetectionprobSampled_16_Intervals.TempSunMoonPeentDetections.15min.int.csv",1,16,900,0.0876623376623377,0.806642941874259
"auc_meandetectionprobSampled_16_Intervals.TempSunMoonPeentDetections.16min.int.csv",1,16,960,0.113636363636364,0.609785452642595
"auc_meandetectionprobSampled_16_Intervals.TempSunMoonPeentDetections.17min.int.csv",1,16,1020,0.103896103896104,0.66304347826087
"auc_meandetectionprobSampled_16_Intervals.TempSunMoonPeentDetections.18min.int.csv",1,16,1080,0.11038961038961,0.64813224559897
"auc_meandetectionprobSampled_16_Intervals.TempSunMoonPeentDetections.19min.int.csv",1,16,1140,0.12987012987013,0.639738805970149
"auc_meandetectionprobSampled_16_Intervals.TempSunMoonPeentDetections.1hour.int.csv",1,16,3600,0.201298701298701,0.681615525832678
"auc_meandetectionprobSampled_16_Intervals.TempSunMoonPeentDetections.1min.int.csv",1,16,60,0.0487012987012987,0.5
"auc_meandetectionprobSampled_16_Intervals.TempSunMoonPeentDetections.20min.int.csv",1,16,1200,0.116883116883117,0.74249387254902
"auc_meandetectionprobSampled_16_Intervals.TempSunMoonPeentDetections.2min.int.csv",1,16,120,0.0454545454545455,0.704810495626822
"auc_meandetectionprobSampled_16_Intervals.TempSunMoonPeentDetections.3min.int.csv",1,16,180,0.0454545454545455,0.564018464528669
"auc_meandetectionprobSampled_16_Intervals.TempSunMoonPeentDetections.4min.int.csv",1,16,240,0.0584415584415584,0.824712643678161
"auc_meandetectionprobSampled_16_Intervals.TempSunMoonPeentDetections.5min.int.csv",1,16,300,0.0357142857142857,0.651668197122743
"auc_meandetectionprobSampled_16_Intervals.TempSunMoonPeentDetections.6min.int.csv",1,16,360,0.0681818181818182,0.737016757922681
"auc_meandetectionprobSampled_16_Intervals.TempSunMoonPeentDetections.7min.int.csv",1,16,420,0.0616883116883117,0.65798579493717
"auc_meandetectionprobSampled_16_Intervals.TempSunMoonPeentDetections.8min.int.csv",1,16,480,0.0551948051948052,0.746715180917728
"auc_meandetectionprobSampled_16_Intervals.TempSunMoonPeentDetections.9min.int.csv",1,16,540,0.103896103896104,0.722599637681159
"auc_meandetectionprobSampled_2_Intervals.TempSunMoonPeentDetections.10min.int.csv",1,2,600,0.0652173913043478,0.848837209302326
"auc_meandetectionprobSampled_2_Intervals.TempSunMoonPeentDetections.11min.int.csv",1,2,660,0.0869565217391304,0.75
"auc_meandetectionprobSampled_2_Intervals.TempSunMoonPeentDetections.12min.int.csv",1,2,720,0.0217391304347826,0.855555555555556
"auc_meandetectionprobSampled_2_Intervals.TempSunMoonPeentDetections.13min.int.csv",1,2,780,0.0434782608695652,0.704545454545455
"auc_meandetectionprobSampled_2_Intervals.TempSunMoonPeentDetections.14min.int.csv",1,2,840,0.0869565217391304,0.845238095238095
"auc_meandetectionprobSampled_2_Intervals.TempSunMoonPeentDetections.15min.int.csv",1,2,900,0.152173913043478,0.5
"auc_meandetectionprobSampled_2_Intervals.TempSunMoonPeentDetections.16min.int.csv",1,2,960,0.0869565217391304,0.910714285714286
"auc_meandetectionprobSampled_2_Intervals.TempSunMoonPeentDetections.17min.int.csv",1,2,1020,0.0869565217391304,0.952380952380952
"auc_meandetectionprobSampled_2_Intervals.TempSunMoonPeentDetections.18min.int.csv",1,2,1080,0.173913043478261,0.904605263157895
"auc_meandetectionprobSampled_2_Intervals.TempSunMoonPeentDetections.19min.int.csv",1,2,1140,0.0869565217391304,0.75
"auc_meandetectionprobSampled_2_Intervals.TempSunMoonPeentDetections.1hour.int.csv",1,2,3600,0.108695652173913,0.907317073170732
"auc_meandetectionprobSampled_2_Intervals.TempSunMoonPeentDetections.1min.int.csv",1,2,60,0.0217391304347826,0.955555555555556
"auc_meandetectionprobSampled_2_Intervals.TempSunMoonPeentDetections.20min.int.csv",1,2,1200,0.108695652173913,0.882926829268293
"auc_meandetectionprobSampled_2_Intervals.TempSunMoonPeentDetections.2min.int.csv",1,2,120,0,0.882926829268293
"auc_meandetectionprobSampled_2_Intervals.TempSunMoonPeentDetections.3min.int.csv",1,2,180,0.0652173913043478,0.682170542635659
"auc_meandetectionprobSampled_2_Intervals.TempSunMoonPeentDetections.5min.int.csv",1,2,300,0.0434782608695652,0.579545454545455
"auc_meandetectionprobSampled_2_Intervals.TempSunMoonPeentDetections.6min.int.csv",1,2,360,0.0434782608695652,0.954545454545455
"auc_meandetectionprobSampled_2_Intervals.TempSunMoonPeentDetections.7min.int.csv",1,2,420,0.0869565217391304,0.928571428571429
"auc_meandetectionprobSampled_2_Intervals.TempSunMoonPeentDetections.8min.int.csv",1,2,480,0.130434782608696,0.875
"auc_meandetectionprobSampled_2_Intervals.TempSunMoonPeentDetections.9min.int.csv",1,2,540,0.0217391304347826,0.666666666666667
"auc_meandetectionprobSampled_20_Intervals.TempSunMoonPeentDetections.10min.int.csv",1,20,600,0.0753246753246753,0.733727237504843
"auc_meandetectionprobSampled_20_Intervals.TempSunMoonPeentDetections.11min.int.csv",1,20,660,0.0779220779220779,0.610892018779343
"auc_meandetectionprobSampled_20_Intervals.TempSunMoonPeentDetections.12min.int.csv",1,20,720,0.114285714285714,0.650626499600107
"auc_meandetectionprobSampled_20_Intervals.TempSunMoonPeentDetections.13min.int.csv",1,20,780,0.109090909090909,0.718901846452867
"auc_meandetectionprobSampled_20_Intervals.TempSunMoonPeentDetections.14min.int.csv",1,20,840,0.103896103896104,0.666485507246377
"auc_meandetectionprobSampled_20_Intervals.TempSunMoonPeentDetections.15min.int.csv",1,20,900,0.103896103896104,0.726376811594203
"auc_meandetectionprobSampled_20_Intervals.TempSunMoonPeentDetections.16min.int.csv",1,20,960,0.103896103896104,0.708405797101449
"auc_meandetectionprobSampled_20_Intervals.TempSunMoonPeentDetections.17min.int.csv",1,20,1020,0.109090909090909,0.721504928502013
"auc_meandetectionprobSampled_20_Intervals.TempSunMoonPeentDetections.18min.int.csv",1,20,1080,0.124675324675325,0.747836300692384
"auc_meandetectionprobSampled_20_Intervals.TempSunMoonPeentDetections.19min.int.csv",1,20,1140,0.0883116883116883,0.678230266465561
"auc_meandetectionprobSampled_20_Intervals.TempSunMoonPeentDetections.1hour.int.csv",1,20,3600,0.223376623376623,0.678035311503461
"auc_meandetectionprobSampled_20_Intervals.TempSunMoonPeentDetections.1min.int.csv",1,20,60,0.025974025974026,0.6616
"auc_meandetectionprobSampled_20_Intervals.TempSunMoonPeentDetections.20min.int.csv",1,20,1200,0.155844155844156,0.667179487179487
"auc_meandetectionprobSampled_20_Intervals.TempSunMoonPeentDetections.2min.int.csv",1,20,120,0.0337662337662338,0.5
"auc_meandetectionprobSampled_20_Intervals.TempSunMoonPeentDetections.3min.int.csv",1,20,180,0.051948051948052,0.775205479452055
"auc_meandetectionprobSampled_20_Intervals.TempSunMoonPeentDetections.4min.int.csv",1,20,240,0.0571428571428571,0.757951414976208
"auc_meandetectionprobSampled_20_Intervals.TempSunMoonPeentDetections.5min.int.csv",1,20,300,0.0571428571428571,0.5
"auc_meandetectionprobSampled_20_Intervals.TempSunMoonPeentDetections.6min.int.csv",1,20,360,0.0545454545454545,0.653715332286761
"auc_meandetectionprobSampled_20_Intervals.TempSunMoonPeentDetections.7min.int.csv",1,20,420,0.0961038961038961,0.785647716682199
"auc_meandetectionprobSampled_20_Intervals.TempSunMoonPeentDetections.8min.int.csv",1,20,480,0.0571428571428571,0.640120210368144
"auc_meandetectionprobSampled_20_Intervals.TempSunMoonPeentDetections.9min.int.csv",1,20,540,0.0623376623376623,0.76904432132964
"auc_meandetectionprobSampled_24_Intervals.TempSunMoonPeentDetections.10min.int.csv",1,24,600,0.0844155844155844,0.722313147845063
"auc_meandetectionprobSampled_24_Intervals.TempSunMoonPeentDetections.11min.int.csv",1,24,660,0.0779220779220779,0.713745435576421
"auc_meandetectionprobSampled_24_Intervals.TempSunMoonPeentDetections.12min.int.csv",1,24,720,0.0974025974025974,0.717985611510791
"auc_meandetectionprobSampled_24_Intervals.TempSunMoonPeentDetections.13min.int.csv",1,24,780,0.0887445887445888,0.688807137477551
"auc_meandetectionprobSampled_24_Intervals.TempSunMoonPeentDetections.14min.int.csv",1,24,840,0.112554112554113,0.726313320825516
"auc_meandetectionprobSampled_24_Intervals.TempSunMoonPeentDetections.15min.int.csv",1,24,900,0.0995670995670996,0.661946070234114
"auc_meandetectionprobSampled_24_Intervals.TempSunMoonPeentDetections.16min.int.csv",1,24,960,0.11038961038961,0.700515242593388
"auc_meandetectionprobSampled_24_Intervals.TempSunMoonPeentDetections.17min.int.csv",1,24,1020,0.0952380952380952,0.743801652892562
"auc_meandetectionprobSampled_24_Intervals.TempSunMoonPeentDetections.18min.int.csv",1,24,1080,0.0974025974025974,0.703810285105249
"auc_meandetectionprobSampled_24_Intervals.TempSunMoonPeentDetections.19min.int.csv",1,24,1140,0.116883116883117,0.692719680464778
"auc_meandetectionprobSampled_24_Intervals.TempSunMoonPeentDetections.1hour.int.csv",1,24,3600,0.199134199134199,0.662749706227967
"auc_meandetectionprobSampled_24_Intervals.TempSunMoonPeentDetections.1min.int.csv",1,24,60,0.0281385281385281,0.5
"auc_meandetectionprobSampled_24_Intervals.TempSunMoonPeentDetections.20min.int.csv",1,24,1200,0.103896103896104,0.674315619967794
"auc_meandetectionprobSampled_24_Intervals.TempSunMoonPeentDetections.2min.int.csv",1,24,120,0.0324675324675325,0.697762863534676
"auc_meandetectionprobSampled_24_Intervals.TempSunMoonPeentDetections.3min.int.csv",1,24,180,0.0303030303030303,0.65625
"auc_meandetectionprobSampled_24_Intervals.TempSunMoonPeentDetections.4min.int.csv",1,24,240,0.038961038961039,0.641516516516517
"auc_meandetectionprobSampled_24_Intervals.TempSunMoonPeentDetections.5min.int.csv",1,24,300,0.0606060606060606,0.664911125740619
"auc_meandetectionprobSampled_24_Intervals.TempSunMoonPeentDetections.6min.int.csv",1,24,360,0.0692640692640693,0.692841569767442
"auc_meandetectionprobSampled_24_Intervals.TempSunMoonPeentDetections.7min.int.csv",1,24,420,0.0584415584415584,0.676160068114091
"auc_meandetectionprobSampled_24_Intervals.TempSunMoonPeentDetections.8min.int.csv",1,24,480,0.0735930735930736,0.611324903793293
"auc_meandetectionprobSampled_24_Intervals.TempSunMoonPeentDetections.9min.int.csv",1,24,540,0.0822510822510823,0.756703078450844
"auc_meandetectionprobSampled_28_Intervals.TempSunMoonPeentDetections.10min.int.csv",1,28,600,0.0742115027829314,0.653782565130261
"auc_meandetectionprobSampled_28_Intervals.TempSunMoonPeentDetections.11min.int.csv",1,28,660,0.0742115027829314,0.680561122244489
"auc_meandetectionprobSampled_28_Intervals.TempSunMoonPeentDetections.12min.int.csv",1,28,720,0.0853432282003711,0.669922391745304
"auc_meandetectionprobSampled_28_Intervals.TempSunMoonPeentDetections.13min.int.csv",1,28,780,0.0964749536178108,0.74387932396146
"auc_meandetectionprobSampled_28_Intervals.TempSunMoonPeentDetections.14min.int.csv",1,28,840,0.0723562152133581,0.681076923076923
"auc_meandetectionprobSampled_28_Intervals.TempSunMoonPeentDetections.15min.int.csv",1,28,900,0.0909090909090909,0.635776759683465
"auc_meandetectionprobSampled_28_Intervals.TempSunMoonPeentDetections.16min.int.csv",1,28,960,0.103896103896104,0.657645666962437
"auc_meandetectionprobSampled_28_Intervals.TempSunMoonPeentDetections.17min.int.csv",1,28,1020,0.120593692022263,0.699480688088283
"auc_meandetectionprobSampled_28_Intervals.TempSunMoonPeentDetections.18min.int.csv",1,28,1080,0.109461966604824,0.725070621468927
"auc_meandetectionprobSampled_28_Intervals.TempSunMoonPeentDetections.19min.int.csv",1,28,1140,0.120593692022263,0.70688088283025
"auc_meandetectionprobSampled_28_Intervals.TempSunMoonPeentDetections.1hour.int.csv",1,28,3600,0.185528756957328,0.732232346241458
"auc_meandetectionprobSampled_28_Intervals.TempSunMoonPeentDetections.1min.int.csv",1,28,60,0.0278293135435993,0.613295165394402
"auc_meandetectionprobSampled_28_Intervals.TempSunMoonPeentDetections.20min.int.csv",1,28,1200,0.098330241187384,0.667714884696017
"auc_meandetectionprobSampled_28_Intervals.TempSunMoonPeentDetections.2min.int.csv",1,28,120,0.0426716141001855,0.691902595214021
"auc_meandetectionprobSampled_28_Intervals.TempSunMoonPeentDetections.3min.int.csv",1,28,180,0.0333951762523191,0.697803369588398
"auc_meandetectionprobSampled_28_Intervals.TempSunMoonPeentDetections.4min.int.csv",1,28,240,0.0649350649350649,0.632199546485261
"auc_meandetectionprobSampled_28_Intervals.TempSunMoonPeentDetections.5min.int.csv",1,28,300,0.0630797773654917,0.657483983692487
"auc_meandetectionprobSampled_28_Intervals.TempSunMoonPeentDetections.6min.int.csv",1,28,360,0.0612244897959184,0.700413223140496
"auc_meandetectionprobSampled_28_Intervals.TempSunMoonPeentDetections.7min.int.csv",1,28,420,0.0593692022263451,0.643676035502959
"auc_meandetectionprobSampled_28_Intervals.TempSunMoonPeentDetections.8min.int.csv",1,28,480,0.0705009276437848,0.652038029204748
"auc_meandetectionprobSampled_28_Intervals.TempSunMoonPeentDetections.9min.int.csv",1,28,540,0.0593692022263451,0.75329758382643
"auc_meandetectionprobSampled_3_Intervals.TempSunMoonPeentDetections.10min.int.csv",1,3,600,0.101449275362319,0.816820276497696
"auc_meandetectionprobSampled_3_Intervals.TempSunMoonPeentDetections.11min.int.csv",1,3,660,0.0579710144927536,0.5
"auc_meandetectionprobSampled_3_Intervals.TempSunMoonPeentDetections.12min.int.csv",1,3,720,0.0434782608695652,0.901515151515151
"auc_meandetectionprobSampled_3_Intervals.TempSunMoonPeentDetections.13min.int.csv",1,3,780,0.101449275362319,0.747695852534562
"auc_meandetectionprobSampled_3_Intervals.TempSunMoonPeentDetections.14min.int.csv",1,3,840,0.115942028985507,0.850409836065574
"auc_meandetectionprobSampled_3_Intervals.TempSunMoonPeentDetections.15min.int.csv",1,3,900,0.072463768115942,0.878125
"auc_meandetectionprobSampled_3_Intervals.TempSunMoonPeentDetections.16min.int.csv",1,11,960,0.0869565217391304,0.777777777777778
"auc_meandetectionprobSampled_3_Intervals.TempSunMoonPeentDetections.17min.int.csv",1,3,1020,0.130434782608696,0.743518518518519
"auc_meandetectionprobSampled_3_Intervals.TempSunMoonPeentDetections.18min.int.csv",1,3,1080,0.144927536231884,0.869491525423729
"auc_meandetectionprobSampled_3_Intervals.TempSunMoonPeentDetections.19min.int.csv",1,3,1140,0.144927536231884,0.769491525423729
"auc_meandetectionprobSampled_3_Intervals.TempSunMoonPeentDetections.1hour.int.csv",1,3,3600,0.130434782608696,0.711111111111111
"auc_meandetectionprobSampled_3_Intervals.TempSunMoonPeentDetections.1min.int.csv",1,3,60,0.0144927536231884,0.867647058823529
"auc_meandetectionprobSampled_3_Intervals.TempSunMoonPeentDetections.20min.int.csv",1,3,1200,0.0434782608695652,0.5
"auc_meandetectionprobSampled_3_Intervals.TempSunMoonPeentDetections.2min.int.csv",1,3,120,0.0144927536231884,0.992647058823529
"auc_meandetectionprobSampled_3_Intervals.TempSunMoonPeentDetections.4min.int.csv",1,3,240,0.0289855072463768,0.649253731343284
"auc_meandetectionprobSampled_3_Intervals.TempSunMoonPeentDetections.6min.int.csv",1,3,360,0.0434782608695652,0.772727272727273
"auc_meandetectionprobSampled_3_Intervals.TempSunMoonPeentDetections.7min.int.csv",1,10,420,0.072463768115942,0.928125
"auc_meandetectionprobSampled_3_Intervals.TempSunMoonPeentDetections.8min.int.csv",1,10,480,0.0579710144927536,0.5
"auc_meandetectionprobSampled_3_Intervals.TempSunMoonPeentDetections.9min.int.csv",1,3,540,0.072463768115942,0.984375
"auc_meandetectionprobSampled_32_Intervals.TempSunMoonPeentDetections.10min.int.csv",1,32,600,0.0714285714285714,0.710902733630006
"auc_meandetectionprobSampled_32_Intervals.TempSunMoonPeentDetections.11min.int.csv",1,32,660,0.073051948051948,0.650204319906597
"auc_meandetectionprobSampled_32_Intervals.TempSunMoonPeentDetections.12min.int.csv",1,32,720,0.0876623376623377,0.748484249373929
"auc_meandetectionprobSampled_32_Intervals.TempSunMoonPeentDetections.13min.int.csv",1,32,780,0.086038961038961,0.76939575723047
"auc_meandetectionprobSampled_32_Intervals.TempSunMoonPeentDetections.14min.int.csv",1,32,840,0.0811688311688312,0.679469964664311
"auc_meandetectionprobSampled_32_Intervals.TempSunMoonPeentDetections.15min.int.csv",1,32,900,0.0909090909090909,0.607557397959184
"auc_meandetectionprobSampled_32_Intervals.TempSunMoonPeentDetections.16min.int.csv",1,32,960,0.0974025974025974,0.716666666666667
"auc_meandetectionprobSampled_32_Intervals.TempSunMoonPeentDetections.17min.int.csv",1,32,1020,0.103896103896104,0.685773324275362
"auc_meandetectionprobSampled_32_Intervals.TempSunMoonPeentDetections.18min.int.csv",1,32,1080,0.100649350649351,0.669718760917666
"auc_meandetectionprobSampled_32_Intervals.TempSunMoonPeentDetections.19min.int.csv",1,32,1140,0.099025974025974,0.713262442770639
"auc_meandetectionprobSampled_32_Intervals.TempSunMoonPeentDetections.1hour.int.csv",1,32,3600,0.201298701298701,0.713660503540519
"auc_meandetectionprobSampled_32_Intervals.TempSunMoonPeentDetections.1min.int.csv",1,32,60,0.0357142857142857,0.6455463728191
"auc_meandetectionprobSampled_32_Intervals.TempSunMoonPeentDetections.20min.int.csv",1,32,1200,0.113636363636364,0.714495028780743
"auc_meandetectionprobSampled_32_Intervals.TempSunMoonPeentDetections.2min.int.csv",1,32,120,0.0340909090909091,0.5
"auc_meandetectionprobSampled_32_Intervals.TempSunMoonPeentDetections.3min.int.csv",1,32,180,0.0454545454545455,0.662172011661808
"auc_meandetectionprobSampled_32_Intervals.TempSunMoonPeentDetections.4min.int.csv",1,32,240,0.0438311688311688,0.700811167704207
"auc_meandetectionprobSampled_32_Intervals.TempSunMoonPeentDetections.5min.int.csv",1,32,300,0.0649350649350649,0.636241319444444
"auc_meandetectionprobSampled_32_Intervals.TempSunMoonPeentDetections.6min.int.csv",1,32,360,0.0568181818181818,0.781657241209737
"auc_meandetectionprobSampled_32_Intervals.TempSunMoonPeentDetections.7min.int.csv",1,32,420,0.0568181818181818,0.720604868453405
"auc_meandetectionprobSampled_32_Intervals.TempSunMoonPeentDetections.8min.int.csv",1,32,480,0.0779220779220779,0.709837147887324
"auc_meandetectionprobSampled_32_Intervals.TempSunMoonPeentDetections.9min.int.csv",1,32,540,0.0665584415584416,0.746553552492047
"auc_meandetectionprobSampled_4_Intervals.TempSunMoonPeentDetections.10min.int.csv",1,4,600,0.0909090909090909,0.5
"auc_meandetectionprobSampled_4_Intervals.TempSunMoonPeentDetections.11min.int.csv",1,4,660,0.051948051948052,0.5
"auc_meandetectionprobSampled_4_Intervals.TempSunMoonPeentDetections.12min.int.csv",1,4,720,0.116883116883117,0.696895424836601
"auc_meandetectionprobSampled_4_Intervals.TempSunMoonPeentDetections.13min.int.csv",1,4,780,0.116883116883117,0.676470588235294
"auc_meandetectionprobSampled_4_Intervals.TempSunMoonPeentDetections.14min.int.csv",1,4,840,0.155844155844156,0.617307692307692
"auc_meandetectionprobSampled_4_Intervals.TempSunMoonPeentDetections.15min.int.csv",1,4,900,0.12987012987013,0.737313432835821
"auc_meandetectionprobSampled_4_Intervals.TempSunMoonPeentDetections.16min.int.csv",1,4,960,0.142857142857143,0.5
"auc_meandetectionprobSampled_4_Intervals.TempSunMoonPeentDetections.17min.int.csv",1,4,1020,0.0779220779220779,0.5
"auc_meandetectionprobSampled_4_Intervals.TempSunMoonPeentDetections.18min.int.csv",1,4,1080,0.155844155844156,0.826923076923077
"auc_meandetectionprobSampled_4_Intervals.TempSunMoonPeentDetections.19min.int.csv",1,4,1140,0.116883116883117,0.855392156862745
"auc_meandetectionprobSampled_4_Intervals.TempSunMoonPeentDetections.1hour.int.csv",1,4,3600,0.233766233766234,0.787664783427495
"auc_meandetectionprobSampled_4_Intervals.TempSunMoonPeentDetections.20min.int.csv",1,4,1200,0.12987012987013,0.5
"auc_meandetectionprobSampled_4_Intervals.TempSunMoonPeentDetections.3min.int.csv",1,4,180,0.012987012987013,0.960526315789474
"auc_meandetectionprobSampled_4_Intervals.TempSunMoonPeentDetections.4min.int.csv",1,4,240,0.0649350649350649,0.991666666666667
"auc_meandetectionprobSampled_4_Intervals.TempSunMoonPeentDetections.5min.int.csv",1,4,300,0.0649350649350649,0.936111111111111
"auc_meandetectionprobSampled_4_Intervals.TempSunMoonPeentDetections.6min.int.csv",1,4,360,0.051948051948052,0.5
"auc_meandetectionprobSampled_4_Intervals.TempSunMoonPeentDetections.7min.int.csv",1,4,420,0.025974025974026,0.5
"auc_meandetectionprobSampled_4_Intervals.TempSunMoonPeentDetections.8min.int.csv",1,4,480,0.103896103896104,0.71195652173913
"auc_meandetectionprobSampled_4_Intervals.TempSunMoonPeentDetections.9min.int.csv",1,4,540,0.051948051948052,0.736301369863014
"auc_meandetectionprobSampled_8_Intervals.TempSunMoonPeentDetections.10min.int.csv",1,8,600,0.038961038961039,0.817567567567568
"auc_meandetectionprobSampled_8_Intervals.TempSunMoonPeentDetections.11min.int.csv",1,8,660,0.0909090909090909,0.796938775510204
"auc_meandetectionprobSampled_8_Intervals.TempSunMoonPeentDetections.12min.int.csv",1,8,720,0.0779220779220779,0.732394366197183
"auc_meandetectionprobSampled_8_Intervals.TempSunMoonPeentDetections.13min.int.csv",1,8,780,0.116883116883117,0.742647058823529
"auc_meandetectionprobSampled_8_Intervals.TempSunMoonPeentDetections.14min.int.csv",1,8,840,0.0649350649350649,0.873263888888889
"auc_meandetectionprobSampled_8_Intervals.TempSunMoonPeentDetections.15min.int.csv",1,8,900,0.11038961038961,0.700300558179476
"auc_meandetectionprobSampled_8_Intervals.TempSunMoonPeentDetections.16min.int.csv",1,8,960,0.0779220779220779,0.5
"auc_meandetectionprobSampled_8_Intervals.TempSunMoonPeentDetections.17min.int.csv",1,8,1020,0.11038961038961,0.5
"auc_meandetectionprobSampled_8_Intervals.TempSunMoonPeentDetections.18min.int.csv",1,8,1080,0.0844155844155844,0.5
"auc_meandetectionprobSampled_8_Intervals.TempSunMoonPeentDetections.19min.int.csv",1,8,1140,0.0779220779220779,0.754988262910798
"auc_meandetectionprobSampled_8_Intervals.TempSunMoonPeentDetections.1hour.int.csv",1,8,3600,0.155844155844156,0.786217948717949
"auc_meandetectionprobSampled_8_Intervals.TempSunMoonPeentDetections.1min.int.csv",1,8,60,0.0194805194805195,0.855408388520971
"auc_meandetectionprobSampled_8_Intervals.TempSunMoonPeentDetections.20min.int.csv",1,8,1200,0.123376623376623,0.629044834307992
"auc_meandetectionprobSampled_8_Intervals.TempSunMoonPeentDetections.2min.int.csv",1,8,120,0.0584415584415584,0.646360153256705
"auc_meandetectionprobSampled_8_Intervals.TempSunMoonPeentDetections.3min.int.csv",1,8,180,0.0324675324675325,0.730201342281879
"auc_meandetectionprobSampled_8_Intervals.TempSunMoonPeentDetections.4min.int.csv",1,8,240,0.0649350649350649,0.754861111111111
"auc_meandetectionprobSampled_8_Intervals.TempSunMoonPeentDetections.5min.int.csv",1,8,300,0.0974025974025974,0.689928057553957
"auc_meandetectionprobSampled_8_Intervals.TempSunMoonPeentDetections.6min.int.csv",1,8,360,0.0584415584415584,0.771264367816092
"auc_meandetectionprobSampled_8_Intervals.TempSunMoonPeentDetections.7min.int.csv",1,8,420,0.0844155844155844,0.8063284233497
"auc_meandetectionprobSampled_8_Intervals.TempSunMoonPeentDetections.8min.int.csv",1,8,480,0.0844155844155844,0.705673758865248
"auc_meandetectionprobSampled_8_Intervals.TempSunMoonPeentDetections.9min.int.csv",1,8,540,0.0584415584415584,0.797701149425287
